Track_Main_Artist;Fecha;Ciudad;Pais
Aitana;2022-12-20;Madrid;Spain
Aitana;2022-11-16;Santiago;Chile
Aitana;2022-11-04;Madrid;Spain
Aitana;2022-10-15;Monterrey;Mexico
Aitana;2022-10-14;Mexico City;Mexico
Aitana;2022-10-11;Guadalajara;Mexico
Aitana;2022-09-18;Madrid;Spain
Aitana;2022-09-16;Fuengirola;Spain
Aitana;2022-09-15;Seville;Spain
Aitana;2022-09-10;Barakaldo;Spain
Aitana;2022-09-08;Valencia;Spain
Aitana;2022-09-03;Barcelona;Spain
Bad Bunny;2022-12-10;Mexico City;Mexico
Bad Bunny;2022-12-09;Mexico City;Mexico
Bad Bunny;2022-12-03;Guadalupe;Mexico
Bad Bunny;2022-12-01;Guatemala City;Guatemala
Bad Bunny;2022-11-29;San Pedro Sula;Honduras
Bad Bunny;2022-11-26;San Salvador;El Salvador
Bad Bunny;2022-11-24;San Jose;Costa Rica
Bad Bunny;2022-11-22;Panama City;Panama
Bad Bunny;2022-11-19;Medellín;Colombia
Bad Bunny;2022-11-18;Medellín;Colombia
Bad Bunny;2022-11-16;Quito;Ecuador
Bad Bunny;2022-11-14;Lima;Peru
Bad Bunny;2022-11-13;Lima;Peru
Bad Bunny;2022-11-11;Asunción;Paraguay
Bad Bunny;2022-11-05;Buenos Aires;Argentina
Bad Bunny;2022-11-04;Buenos Aires;Argentina
Bad Bunny;2022-10-28;Santiago;Chile
Bad Bunny;2022-10-21;Santo Domingo;Dominican Republic
Bad Bunny;2022-10-01;Inglewood;US
Bad Bunny;2022-09-30;Inglewood;US
Bad Bunny;2022-09-28;Phoenix;US
Bad Bunny;2022-09-24;Las Vegas;US
Bad Bunny;2022-09-23;Las Vegas;US
Bad Bunny;2022-09-22;Tampa;US
Bad Bunny;2022-09-18;San Diego;US
Bad Bunny;2022-09-17;San Diego;US
Bad Bunny;2022-09-15;Charlotte;US
Bad Bunny;2022-09-14;Oakland;US
Bad Bunny;2022-09-10;New York (NYC);US
Bad Bunny;2022-09-09;Arlington;US
Bad Bunny;2022-09-07;San Antonio;US
Bad Bunny;2022-09-03;Philadelphia;US
Bad Bunny;2022-09-02;Houston;US
Bad Bunny;2022-09-01;Houston;US
Bad Bunny;2022-08-28;Bronx;US
Bad Bunny;2022-08-27;Bronx;US
Bad Bunny;2022-08-23;Washington;US
Bad Bunny;2022-08-20;Chicago;US
Bad Bunny;2022-08-18;Boston;US
Bad Bunny;2022-08-16;Boston;US
Bad Bunny;2022-08-13;Miami;US
Bad Bunny;2022-08-12;Miami;US
Bad Bunny;2022-08-08;Atlanta;US
Bad Bunny;2022-08-05;Orlando;US
Bad Bunny;2022-04-03;Miami;US
Bad Bunny;2022-04-02;Miami;US
Bad Bunny;2022-04-01;Miami;US
Bad Bunny;2022-03-30;Orlando;US
Bad Bunny;2022-03-29;Orlando;US
Bad Bunny;2022-03-27;Atlanta;US
Bad Bunny;2022-03-26;Charlotte;US
Bad Bunny;2022-03-25;Washington;US
Bad Bunny;2022-03-23;Montreal;Canada
Bad Bunny;2022-03-22;Boston;US
Bad Bunny;2022-03-20;Brooklyn;US
Bad Bunny;2022-03-19;Brooklyn;US
Bad Bunny;2022-03-18;Newark;US
Bad Bunny;2022-03-16;Philadelphia;US
Bad Bunny;2022-03-14;Toronto;Canada
Bad Bunny;2022-03-14;Toronto;Canada
Bad Bunny;2022-03-12;Rosemont;US
Bad Bunny;2022-03-11;Rosemont;US
Bad Bunny;2022-03-10;Rosemont;US
Bad Bunny;2022-03-06;Phoenix;US
Bad Bunny;2022-03-05;Las Vegas;US
Bad Bunny;2022-03-04;San Jose;US
Bad Bunny;2022-03-03;San Jose;US
Bad Bunny;2022-03-01;Seattle;US
Bad Bunny;2022-02-28;Portland;US
Bad Bunny;2022-02-26;Inglewood;US
Bad Bunny;2022-02-25;Inglewood;US
Bad Bunny;2022-02-24;Los Angeles (LA);US
Bad Bunny;2022-02-23;San Diego;US
Bad Bunny;2022-02-19;Dallas;US
Bad Bunny;2022-02-18;Dallas;US
Bad Bunny;2022-02-17;Houston;US
Bad Bunny;2022-02-16;Houston;US
Bad Bunny;2022-02-13;Hidalgo;US
Bad Bunny;2022-02-11;El Paso;US
Bad Bunny;2022-02-09;Denver;US
Bad Gyal;2022-12-02;Monterrey;Mexico
Bad Gyal;2022-11-30;Mexico City;Mexico
Bad Gyal;2022-11-26;Mexico City;Mexico
Bad Gyal;2022-11-07;Santiago;Chile
Bad Gyal;2022-10-31;São Paulo;Brazil
Bad Gyal;2022-10-06;Cáceres;Spain
Bad Gyal;2022-09-16;Los Angeles (LA);US
Bad Gyal;2022-09-16;Los Angeles (LA);US
Bad Gyal;2022-09-09;Brooklyn;US
Bad Gyal;2022-08-18;Benidorm;Spain
Bad Gyal;2022-08-10;Budapest;Hungary
Bad Gyal;2022-08-04;El Puerto de Santa María;Spain
Bad Gyal;2022-08-02;Burriana;Spain
Bad Gyal;2022-07-20;Cadiz;Spain
Bad Gyal;2022-07-15;Torremolinos;Spain
Bad Gyal;2022-07-08;Tarragona;Spain
Bad Gyal;2022-07-07;Valencia;Spain
Bad Gyal;2022-07-02;Girona;Spain
Bad Gyal;2022-06-24;Madrid;Spain
Bad Gyal;2022-06-09;Porto;Portugal
Bad Gyal;2022-06-09;Barcelona;Spain
Bad Gyal;2022-05-28;London;UK
Becky G;2022-11-17;Las Vegas;US
Becky G;2022-10-22;Los Angeles (LA);US
Becky G;2022-10-08;Newark;US
Becky G;2022-08-06;Houston;US
Becky G;2022-08-04;Dallas;US
Becky G;2022-06-23;Las Vegas;US
Becky G;2022-06-10;Queens;US
Becky G;2022-06-04;Carson;US
Becky G;2022-06-03;San Diego;US
Becky G;2022-05-13;Mexico City;Mexico
Becky G;2022-05-12;Miami Beach;US
Becky G;2022-05-05;Las Vegas;US
Becky G;2022-04-30;Las Vegas;US
Becky G;2022-04-07;Miami Beach;US
Becky G;2022-01-14;Los Angeles (LA);US
Blessd;2022-12-12;Zürich;Switzerland
Blessd;2022-12-03;Guadalajara;Mexico
Blessd;2022-12-02;Newark;US
Blessd;2022-11-19;Joliet;US
Blessd;2022-11-18;Houston;US
Blessd;2022-11-17;Miami Beach;US
Blessd;2022-09-26;Miami;US
Blessd;2022-09-17;Brooklyn;US
Blessd;2022-08-13;Medellín;Colombia
Blessd;2022-08-06;Marbella;Spain
Blessd;2022-08-04;El Puerto de Santa María;Spain
Blessd;2022-07-30;Santa Cruz de Tenerife;Spain
Blessd;2022-07-29;London;UK
Blessd;2022-07-23;Sant Sadurní d'Anoia;Spain
Blessd;2022-07-22;Assago;Italy
Blessd;2022-07-19;Florence;Italy
Blessd;2022-07-17;Palma De Mallorca;Spain
Blessd;2022-07-17;Madrid;Spain
Blessd;2022-07-16;Inca;Spain
Blessd;2022-07-14;Barcelona;Spain
Blessd;2022-07-10;Benidorm;Spain
Blessd;2022-07-09;Ibiza;Spain
Blessd;2022-07-08;Breda;Netherlands
Blessd;2022-07-02;Madrid;Spain
Blessd;2022-07-02;Valencia;Spain
Blessd;2022-07-01;Seville;Spain
Blessd;2022-06-28;Rimini;Italy
Blessd;2022-06-25;Passaic;US
Blessd;2022-06-19;Las Vegas;US
Blessd;2022-06-10;Newark;US
Blessd;2022-05-29;Charlotte;US
Blessd;2022-05-28;Chicago;US
Blessd;2022-05-27;Columbus;US
Blessd;2022-05-26;Reading;US
Blessd;2022-05-22;Hartford;US
Blessd;2022-05-21;Monterrey;Mexico
Blessd;2022-05-21;Revere;US
Blessd;2022-05-20;Danbury;US
Blessd;2022-05-19;Hyattsville;US
Blessd;2022-05-15;Miami;US
Blessd;2022-05-14;Duluth;US
Blessd;2022-05-13;Houston;US
Blessd;2022-05-12;Dallas;US
Blessd;2022-05-08;Aurora;US
Blessd;2022-05-07;Phoenix;US
Blessd;2022-05-06;Huntington Park;US
Blessd;2022-05-05;San Francisco;US
Blessd;2022-04-30;Medellín;Colombia
Blessd;2022-04-24;San Juan;Puerto Rico
Blessd;2022-03-30;Mexico City;Mexico
Blessd;2022-03-27;Barranquilla;Colombia
Blessd;2022-02-27;Manhattan;US
Blessd;2022-02-26;Patchogue;US
Blessd;2022-02-24;Miami;US
Blessd;2022-02-10;Huntington Park;US
C. Tangana;2022-11-29;Santiago;Chile
C. Tangana;2022-11-22;Buenos Aires;Argentina
C. Tangana;2022-11-19;Bogota;Colombia
C. Tangana;2022-11-16;Mexico City;Mexico
C. Tangana;2022-11-15;Mexico City;Mexico
C. Tangana;2022-11-12;Tlajomulco de Zuñiga;Mexico
C. Tangana;2022-11-10;Monterrey;Mexico
C. Tangana;2022-09-10;Avila;Spain
C. Tangana;2022-09-08;Malaga;Spain
C. Tangana;2022-08-10;Aranda de Duero;Spain
C. Tangana;2022-08-02;Burriana;Spain
C. Tangana;2022-08-01;Marbella;Spain
C. Tangana;2022-07-30;San Fernando;Spain
C. Tangana;2022-07-15;Castro Urdiales;Spain
C. Tangana;2022-07-14;Sesimbra;Portugal
C. Tangana;2022-07-12;Marbella;Spain
C. Tangana;2022-07-08;Las Palmas de Gran Canaria;Spain
C. Tangana;2022-07-07;Valencia;Spain
C. Tangana;2022-06-30;Madrid;Spain
C. Tangana;2022-06-24;Calvia;Spain
C. Tangana;2022-06-16;Santiago de Compostela;Spain
C. Tangana;2022-06-11;Marbella;Spain
C. Tangana;2022-06-09;Porto;Portugal
C. Tangana;2022-06-02;Paris;France
C. Tangana;2022-05-27;Alicante;Spain
C. Tangana;2022-04-29;Zaragoza;Spain
C. Tangana;2022-04-23;Barcelona;Spain
C. Tangana;2022-04-09;Barakaldo;Spain
C. Tangana;2022-04-01;Monterrey;Mexico
C. Tangana;2022-03-25;Briceño;Colombia
C. Tangana;2022-03-19;Mexico City;Mexico
C. Tangana;2022-03-18;San Isidro;Argentina
C. Tangana;2022-03-12;Santo Domingo;Dominican Republic
C. Tangana;2022-03-05;Madrid;Spain
C. Tangana;2022-02-26;La Coruna;Spain
C. Tangana;2022-02-19;Malaga;Spain
Camila Cabello;2022-09-24;Santiago;Chile
Camila Cabello;2022-09-23;Santiago;Chile
Camila Cabello;2022-09-21;Santiago;Chile
Camila Cabello;2022-09-20;Santiago;Chile
Camila Cabello;2022-09-17;Bogota;Colombia
Camila Cabello;2022-09-16;Bogota;Colombia
Camila Cabello;2022-09-14;Lima;Peru
Camila Cabello;2022-09-13;Lima;Peru
Camila Cabello;2022-09-02;Rio de Janeiro;Brazil
Camila Cabello;2022-06-05;Mountain View;US
Camila Cabello;2022-06-04;Carson;US
Chimbala;2022-09-09;Kansas City;US
Chimbala;2022-09-04;Baltimore;US
Chimbala;2022-09-03;Philadelphia;US
Chimbala;2022-09-03;Cleveland;US
Chimbala;2022-09-02;Grand Rapids;US
Chimbala;2022-08-13;Nigrán;Spain
Chimbala;2022-08-06;London;UK
Chimbala;2022-07-16;Inca;Spain
Chimbala;2022-07-16;Nuremberg;Germany
Chimbala;2022-07-07;Badajoz;Spain
Chimbala;2022-07-02;Madrid;Spain
Chimbala;2022-07-01;The Hague;Netherlands
Chimbala;2022-05-27;Newark;US
Chimbala;2022-04-29;Houston;US
Chimbala;2022-03-26;New York (NYC);US
Chimbala;2022-02-24;Miami;US
Daddy Yankee;2022-12-22;Miami;US
Daddy Yankee;2022-12-21;Miami;US
Daddy Yankee;2022-12-19;Orlando;US
Daddy Yankee;2022-12-18;Orlando;US
Daddy Yankee;2022-12-16;San Antonio;US
Daddy Yankee;2022-12-15;Austin;US
Daddy Yankee;2022-12-13;Rosemont;US
Daddy Yankee;2022-12-12;Rosemont;US
Daddy Yankee;2022-12-10;Reading;US
Daddy Yankee;2022-12-09;Elmont;US
Daddy Yankee;2022-12-08;Newark;US
Daddy Yankee;2022-12-06;Charlotte;US
Daddy Yankee;2022-12-04;Mexico City;Mexico
Daddy Yankee;2022-12-03;Mexico City;Mexico
Daddy Yankee;2022-12-02;Mexico City;Mexico
Daddy Yankee;2022-11-30;Mexico City;Mexico
Daddy Yankee;2022-11-29;Mexico City;Mexico
Daddy Yankee;2022-11-27;Zapopan;Mexico
Daddy Yankee;2022-11-26;Zapopan;Mexico
Daddy Yankee;2022-11-24;San Nicolás de los Garza;Mexico
Daddy Yankee;2022-11-23;San Nicolás de los Garza;Mexico
Daddy Yankee;2022-11-05;San Salvador;El Salvador
Daddy Yankee;2022-10-27;Cancun;Mexico
Daddy Yankee;2022-10-19;Lima;Peru
Daddy Yankee;2022-10-18;Lima;Peru
Daddy Yankee;2022-10-16;Medellín;Colombia
Daddy Yankee;2022-10-15;Medellín;Colombia
Daddy Yankee;2022-10-12;Bogota;Colombia
Daddy Yankee;2022-10-09;Bogota;Colombia
Daddy Yankee;2022-10-08;Bogota;Colombia
Daddy Yankee;2022-10-05;Quito;Ecuador
Daddy Yankee;2022-10-04;Guayaquil;Ecuador
Daddy Yankee;2022-10-02;Buenos Aires;Argentina
Daddy Yankee;2022-10-01;Buenos Aires;Argentina
Daddy Yankee;2022-09-20;New York (NYC);US
Daddy Yankee;2022-09-18;Dallas;US
Daddy Yankee;2022-09-16;Hidalgo;US
Daddy Yankee;2022-09-15;Houston;US
Daddy Yankee;2022-09-14;San Antonio;US
Daddy Yankee;2022-09-11;Toronto;Canada
Daddy Yankee;2022-09-10;Montreal;Canada
Daddy Yankee;2022-09-08;Newark;US
Daddy Yankee;2022-09-07;Washington;US
Daddy Yankee;2022-09-04;Rosemont;US
Daddy Yankee;2022-09-02;Uncasville;US
Daddy Yankee;2022-09-01;Boston;US
Daddy Yankee;2022-08-30;Miami;US
Daddy Yankee;2022-08-28;Estero;US
Daddy Yankee;2022-08-27;Miami;US
Daddy Yankee;2022-08-26;Orlando;US
Daddy Yankee;2022-08-23;Atlanta;US
Daddy Yankee;2022-08-20;Las Vegas;US
Daddy Yankee;2022-08-19;Rosarito;Mexico
Daddy Yankee;2022-08-19;Ontario;US
Daddy Yankee;2022-08-18;Sacramento;US
Daddy Yankee;2022-08-15;Inglewood;US
Daddy Yankee;2022-08-13;Inglewood;US
Daddy Yankee;2022-08-12;Rosarito;Mexico
Daddy Yankee;2022-08-12;San Jose;US
Daddy Yankee;2022-08-10;Portland;US
Daddy Yankee;2022-08-07;Ontario;US
Daddy Yankee;2022-08-06;Las Vegas;US
Daddy Yankee;2022-08-04;Seattle;US
Daddy Yankee;2022-08-02;Oakland;US
Daddy Yankee;2022-07-31;Phoenix;US
Daddy Yankee;2022-07-29;Inglewood;US
Daddy Yankee;2022-07-28;Inglewood;US
Daddy Yankee;2022-07-27;Inglewood;US
Daddy Yankee;2022-07-25;Denver;US
Daddy Yankee;2022-07-15;Torremolinos;Spain
Daddy Yankee;2022-07-15;Madrid;Spain
Daddy Yankee;2022-01-15;Los Angeles (LA);US
Danny Ocean;2022-12-02;Villahermosa;Mexico
Danny Ocean;2022-11-26;Pachuca;Mexico
Danny Ocean;2022-11-25;Morelia;Mexico
Danny Ocean;2022-11-23;Ciudad Juárez;Mexico
Danny Ocean;2022-11-15;Mexico City;Mexico
Danny Ocean;2022-11-12;Tlaxcala;Mexico
Danny Ocean;2022-11-11;Oaxaca;Mexico
Danny Ocean;2022-11-04;Madrid;Spain
Danny Ocean;2022-10-29;Monterrey;Mexico
Danny Ocean;2022-10-28;Saltillo;Mexico
Danny Ocean;2022-10-27;Torreón;Mexico
Danny Ocean;2022-10-23;Mexico City;Mexico
Danny Ocean;2022-10-22;Puebla;Mexico
Danny Ocean;2022-10-20;Tuxtla Gutiérrez;Mexico
Danny Ocean;2022-10-15;Mexico City;Mexico
Danny Ocean;2022-10-13;Hermosillo;Mexico
Danny Ocean;2022-10-12;Hermosillo;Mexico
Danny Ocean;2022-10-08;Veracruz;Mexico
Danny Ocean;2022-10-07;Toluca;Mexico
Danny Ocean;2022-10-06;Queretaro;Mexico
Danny Ocean;2022-10-02;Guadalajara;Mexico
Danny Ocean;2022-10-01;León;Mexico
Danny Ocean;2022-09-28;Guadalajara;Mexico
Danny Ocean;2022-09-24;Bogota;Colombia
Danny Ocean;2022-09-23;Barranquilla;Colombia
Danny Ocean;2022-09-22;Medellín;Colombia
Danny Ocean;2022-09-18;Tijuana;Mexico
Danny Ocean;2022-09-10;Panama City;Panama
Danny Ocean;2022-09-08;Cancun;Mexico
Danny Ocean;2022-09-03;Heredia;Costa Rica
Danny Ocean;2022-09-01;Tegucigalpa;Honduras
Danny Ocean;2022-08-27;Guayaquil;Ecuador
Danny Ocean;2022-08-26;Cuenca;Ecuador
Danny Ocean;2022-08-25;Quito;Ecuador
Danny Ocean;2022-08-22;San Luis Potosi;Mexico
Danny Ocean;2022-08-14;Arequipa;Peru
Danny Ocean;2022-08-12;San Juan;Puerto Rico
Danny Ocean;2022-07-09;New York (NYC);US
Danny Ocean;2022-07-08;Houston;US
Danny Ocean;2022-07-02;Mérida;Mexico
Danny Ocean;2022-07-01;Mérida;Mexico
Danny Ocean;2022-06-25;Guatemala City;Guatemala
Danny Ocean;2022-06-23;Managua;Nicaragua
Danny Ocean;2022-06-15;Santo Domingo;Dominican Republic
Danny Ocean;2022-06-11;Lima;Peru
Danny Ocean;2022-06-10;Santiago;Chile
Danny Ocean;2022-06-08;Buenos Aires;Argentina
Danny Ocean;2022-06-07;Buenos Aires;Argentina
Danny Ocean;2022-06-05;Montevideo;Uruguay
Danny Ocean;2022-05-29;Brownsville;US
Danny Ocean;2022-05-27;Cuernavaca;Mexico
Danny Ocean;2022-05-21;San Salvador;El Salvador
Danny Ocean;2022-05-20;San Salvador;El Salvador
Danny Ocean;2022-05-14;Puebla;Mexico
Danny Ocean;2022-05-07;Asunción;Paraguay
Danny Ocean;2022-04-30;Las Vegas;US
Danny Ocean;2022-04-30;Chapala;Mexico
Danny Ocean;2022-04-28;Aguascalientes;Mexico
Danny Ocean;2022-04-23;Miami;US
Danny Ocean;2022-04-23;Miami;US
Danny Ocean;2022-04-21;Los Angeles (LA);US
Danny Ocean;2022-04-18;Cancun;Mexico
Danny Ocean;2022-04-13;Cancun;Mexico
Danny Ocean;2022-03-26;León;Mexico
Danny Ocean;2022-03-26;Irapuato;Mexico
Danny Ocean;2022-03-25;Veracruz;Mexico
Danny Ocean;2022-03-12;Mexico City;Mexico
Danny Ocean;2022-03-11;Mexico City;Mexico
Danny Ocean;2022-03-10;San Pedro Garza García;Mexico
Danny Ocean;2022-02-09;León;Mexico
Elton John;2022-11-20;Los Angeles (LA);US
Elton John;2022-11-19;Los Angeles (LA);US
Elton John;2022-11-17;Los Angeles (LA);US
Elton John;2022-11-12;Phoenix;US
Elton John;2022-11-11;Phoenix;US
Elton John;2022-11-09;San Diego;US
Elton John;2022-11-04;Denver;US
Elton John;2022-11-01;Las Vegas;US
Elton John;2022-10-29;San Antonio;US
Elton John;2022-10-22;Vancouver;Canada
Elton John;2022-10-21;Vancouver;Canada
Elton John;2022-10-17;Tacoma;US
Elton John;2022-10-16;Tacoma;US
Elton John;2022-10-09;Santa Clara;US
Elton John;2022-10-08;Santa Clara;US
Elton John;2022-10-02;Nashville;US
Elton John;2022-09-30;Arlington;US
Elton John;2022-09-24;Washington;US
Elton John;2022-09-22;Atlanta;US
Elton John;2022-09-18;Charlotte;US
Elton John;2022-09-16;Pittsburgh;US
Elton John;2022-09-13;Charleston;US
Elton John;2022-09-10;Syracuse;US
Elton John;2022-09-08;Toronto;Canada
Elton John;2022-09-07;Toronto;Canada
Elton John;2022-08-05;Chicago;US
Elton John;2022-07-30;Cleveland;US
Elton John;2022-07-28;Foxborough;US
Elton John;2022-07-27;Foxborough;US
Elton John;2022-07-24;East Rutherford;US
Elton John;2022-07-23;East Rutherford;US
Elton John;2022-07-18;Detroit;US
Elton John;2022-07-15;Philadelphia;US
Elton John;2022-07-04;Watford;UK
Elton John;2022-07-03;Watford;UK
Elton John;2022-07-01;Cork;Ireland
Elton John;2022-06-29;Swansea;UK
Elton John;2022-06-26;Bristol;UK
Elton John;2022-06-24;London;UK
Elton John;2022-06-22;Bristol;UK
Elton John;2022-06-19;Sunderland;UK
Elton John;2022-06-17;Liverpool;UK
Elton John;2022-06-15;Norwich;UK
Elton John;2022-06-12;Nanterre;France
Elton John;2022-06-12;Nanterre;France
Elton John;2022-06-09;Arnhem;Netherlands
Elton John;2022-06-07;Horsens;Denmark
Elton John;2022-06-04;Milan;Italy
Elton John;2022-06-01;Bern;Switzerland
Elton John;2022-05-29;Leipzig;Germany
Elton John;2022-05-27;Frankfurt;Germany
Elton John;2022-05-22;Fornebu;Norway
Elton John;2022-05-21;Fornebu;Norway
Elton John;2022-04-28;Miami;US
Elton John;2022-04-27;Orlando;US
Elton John;2022-04-24;Tampa;US
Elton John;2022-04-23;Jacksonville;US
Elton John;2022-04-20;Columbia;US
Elton John;2022-04-19;Greensboro;US
Elton John;2022-04-16;Louisville;US
Elton John;2022-04-13;Hershey;US
Elton John;2022-04-12;Columbus;US
Elton John;2022-04-09;Lexington;US
Elton John;2022-04-08;Knoxville;US
Elton John;2022-04-05;Grand Rapids;US
Elton John;2022-04-02;Milwaukee;US
Elton John;2022-04-01;Indianapolis;US
Elton John;2022-03-30;St Louis;US
Elton John;2022-03-27;Lincoln;US
Elton John;2022-03-26;Des Moines;US
Elton John;2022-03-23;St. Paul;US
Elton John;2022-03-22;St. Paul;US
Elton John;2022-03-19;North Fremantle;Australia
Elton John;2022-03-19;Fargo;US
Elton John;2022-03-06;Uniondale;US
Elton John;2022-03-05;Uniondale;US
Elton John;2022-03-02;Brooklyn;US
Elton John;2022-03-01;Brooklyn;US
Elton John;2022-02-27;Hollywood;US
Elton John;2022-02-25;Newark;US
Elton John;2022-02-23;New York (NYC);US
Elton John;2022-02-22;New York (NYC);US
Elton John;2022-02-09;Detroit;US
Elton John;2022-02-08;Detroit;US
Elton John;2022-02-05;Chicago;US
Elton John;2022-02-04;Chicago;US
Elton John;2022-02-01;Kansas City;US
Elton John;2022-01-30;Oklahoma City;US
Elton John;2022-01-29;North Little Rock;US
Elton John;2022-01-22;Houston;US
Elton John;2022-01-21;Houston;US
Elton John;2022-01-19;New Orleans;US
Farruko;2022-11-18;León;Mexico
Farruko;2022-09-29;Coral Gables;US
Farruko;2022-09-24;San Diego;US
Farruko;2022-08-27;Montreal;Canada
Farruko;2022-08-19;Rosarito;Mexico
Farruko;2022-08-12;Rosarito;Mexico
Farruko;2022-08-06;Houston;US
Farruko;2022-08-04;Dallas;US
Farruko;2022-07-21;San Juan;Puerto Rico
Farruko;2022-07-07;Badajoz;Spain
Farruko;2022-06-09;Cancun;Mexico
Farruko;2022-05-28;Chicago;US
Farruko;2022-05-21;Monterrey;Mexico
Farruko;2022-05-19;Mexico City;Mexico
Farruko;2022-04-23;Heredia;Costa Rica
Farruko;2022-04-21;Las Vegas;US
Farruko;2022-03-19;Ibagué;Colombia
Farruko;2022-02-25;Reading;US
Farruko;2022-02-24;Miami;US
Farruko;2022-02-20;Rosemont;US
Farruko;2022-02-19;Cleveland;US
Farruko;2022-02-18;Newark;US
Farruko;2022-02-12;Estero;US
Farruko;2022-02-11;Miami;US
Farruko;2022-02-05;San Juan;Puerto Rico
Farruko;2022-02-04;San Juan;Puerto Rico
Farruko;2022-01-29;Las Vegas;US
Fuego;2022-10-29;Pharr;US
Fuego;2022-08-26;Madison;US
Fuego;2022-07-29;Seattle;US
Fuego;2022-06-11;Miami;US
Fuego;2022-05-27;Seattle;US
Fuego;2022-05-13;Mexico City;Mexico
Harry Styles;2022-12-14;São Paulo;Brazil
Harry Styles;2022-12-13;São Paulo;Brazil
Harry Styles;2022-12-10;Curitiba;Brazil
Harry Styles;2022-12-08;Rio de Janeiro;Brazil
Harry Styles;2022-12-06;São Paulo;Brazil
Harry Styles;2022-12-03;Buenos Aires;Argentina
Harry Styles;2022-12-01;Santiago;Chile
Harry Styles;2022-11-29;Lima;Peru
Harry Styles;2022-11-27;Bogota;Colombia
Harry Styles;2022-11-25;Mexico City;Mexico
Harry Styles;2022-11-24;Mexico City;Mexico
Harry Styles;2022-11-22;Monterrey;Mexico
Harry Styles;2022-11-20;Tlajomulco de Zuñiga;Mexico
Harry Styles;2022-11-15;Inglewood;US
Harry Styles;2022-11-14;Inglewood;US
Harry Styles;2022-11-12;Inglewood;US
Harry Styles;2022-11-11;Inglewood;US
Harry Styles;2022-11-09;Inglewood;US
Harry Styles;2022-11-02;Inglewood;US
Harry Styles;2022-10-31;Inglewood;US
Harry Styles;2022-10-29;Inglewood;US
Harry Styles;2022-10-28;Inglewood;US
Harry Styles;2022-10-26;Inglewood;US
Harry Styles;2022-10-24;Inglewood;US
Harry Styles;2022-10-23;Inglewood;US
Harry Styles;2022-10-15;Chicago;US
Harry Styles;2022-10-14;Chicago;US
Harry Styles;2022-10-13;Chicago;US
Harry Styles;2022-10-10;Chicago;US
Harry Styles;2022-10-09;Chicago;US
Harry Styles;2022-10-08;Chicago;US
Harry Styles;2022-10-03;Austin;US
Harry Styles;2022-10-02;Austin;US
Harry Styles;2022-09-29;Austin;US
Harry Styles;2022-09-28;Austin;US
Harry Styles;2022-09-26;Austin;US
Harry Styles;2022-09-25;Austin;US
Harry Styles;2022-09-21;New York (NYC);US
Harry Styles;2022-09-15;New York (NYC);US
Harry Styles;2022-09-14;New York (NYC);US
Harry Styles;2022-09-10;New York (NYC);US
Harry Styles;2022-09-08;New York (NYC);US
Harry Styles;2022-09-07;New York (NYC);US
Harry Styles;2022-09-03;New York (NYC);US
Harry Styles;2022-09-02;New York (NYC);US
Harry Styles;2022-09-01;New York (NYC);US
Harry Styles;2022-08-28;New York (NYC);US
Harry Styles;2022-08-27;New York (NYC);US
Harry Styles;2022-08-26;New York (NYC);US
Harry Styles;2022-08-22;New York (NYC);US
Harry Styles;2022-08-21;New York (NYC);US
Harry Styles;2022-08-20;New York (NYC);US
Harry Styles;2022-08-16;Toronto;Canada
Harry Styles;2022-08-15;Toronto;Canada
Harry Styles;2022-07-31;Lisbon;Portugal
Harry Styles;2022-07-29;Madrid;Spain
Harry Styles;2022-07-26;Turin;Italy
Harry Styles;2022-07-25;Bologna;Italy
Harry Styles;2022-07-22;Cologne;Germany
Harry Styles;2022-07-20;Berlin;Germany
Harry Styles;2022-07-18;Krakow;Poland
Harry Styles;2022-07-16;Vienna;Austria
Harry Styles;2022-07-15;Prague;Czech Republic
Harry Styles;2022-07-13;Budapest;Hungary
Harry Styles;2022-07-11;Munich;Germany
Harry Styles;2022-07-09;Amsterdam;Netherlands
Harry Styles;2022-07-07;Merksem;Belgium
Harry Styles;2022-07-05;Paris;France
Harry Styles;2022-07-01;Fornebu;Norway
Harry Styles;2022-06-29;Johanneshov;Sweden
Harry Styles;2022-06-26;Hamburg;Germany
Harry Styles;2022-06-22;Dublin;Ireland
Harry Styles;2022-06-19;London;UK
Harry Styles;2022-06-18;London;UK
Harry Styles;2022-06-16;Manchester;UK
Harry Styles;2022-06-15;Manchester;UK
Harry Styles;2022-06-12;London;UK
Harry Styles;2022-06-11;Glasgow;UK
Harry Styles;2022-05-27;Coventry;UK
Harry Styles;2022-05-24;London;UK
Harry Styles;2022-04-22;Indio;US
Harry Styles;2022-04-15;Indio;US
Justin Quiles;2022-12-08;Miami Beach;US
Justin Quiles;2022-12-03;Guadalajara;Mexico
Justin Quiles;2022-10-15;Tijuana;Mexico
Justin Quiles;2022-09-26;Miami;US
Justin Quiles;2022-09-15;Denver;US
Justin Quiles;2022-08-27;Montreal;Canada
Justin Quiles;2022-08-13;Nigrán;Spain
Justin Quiles;2022-08-06;Marbella;Spain
Justin Quiles;2022-07-23;Barcelona;Spain
Justin Quiles;2022-07-22;Tavernes de la Valldigna;Spain
Justin Quiles;2022-07-16;Inca;Spain
Justin Quiles;2022-07-09;Benidorm;Spain
Justin Quiles;2022-07-08;Gdansk;Poland
Justin Quiles;2022-07-08;Breda;Netherlands
Justin Quiles;2022-07-07;Assago;Italy
Justin Quiles;2022-07-02;Madrid;Spain
Justin Quiles;2022-07-01;Seville;Spain
Justin Quiles;2022-06-25;Avilés;Spain
Justin Quiles;2022-06-18;Oropesa;Spain
Justin Quiles;2022-06-16;Lleida;Spain
Justin Quiles;2022-06-16;Santiago de Compostela;Spain
Justin Quiles;2022-05-21;Monterrey;Mexico
Justin Quiles;2022-04-30;Las Vegas;US
Justin Quiles;2022-04-10;Boston;US
Justin Quiles;2022-04-09;Washington;US
Justin Quiles;2022-04-08;Philadelphia;US
Justin Quiles;2022-04-07;New York (NYC);US
Justin Quiles;2022-03-18;Santiago;Chile
Justin Quiles;2022-03-18;San Isidro;Argentina
Justin Quiles;2022-02-24;Miami;US
Justin Quiles;2022-01-16;Los Angeles (LA);US
KAROL G;2022-11-17;Las Vegas;US
KAROL G;2022-11-02;Boston;US
KAROL G;2022-10-29;Vancouver;Canada
KAROL G;2022-10-28;Seattle;US
KAROL G;2022-10-27;Portland;US
KAROL G;2022-10-25;Fresno;US
KAROL G;2022-10-22;Los Angeles (LA);US
KAROL G;2022-10-21;Los Angeles (LA);US
KAROL G;2022-10-19;San Francisco;US
KAROL G;2022-10-18;Sacramento;US
KAROL G;2022-10-16;San Diego;US
KAROL G;2022-10-15;Anaheim;US
KAROL G;2022-10-14;Las Vegas;US
KAROL G;2022-10-11;Phoenix;US
KAROL G;2022-10-09;Denver;US
KAROL G;2022-10-07;Kansas City;US
KAROL G;2022-10-05;Dallas;US
KAROL G;2022-10-04;Austin;US
KAROL G;2022-10-01;Hidalgo;US
KAROL G;2022-09-29;Houston;US
KAROL G;2022-09-27;Atlanta;US
KAROL G;2022-09-25;Tampa;US
KAROL G;2022-09-24;Orlando;US
KAROL G;2022-09-23;Miami;US
KAROL G;2022-09-22;Miami Beach;US
KAROL G;2022-09-22;Miami;US
KAROL G;2022-09-20;Charlotte;US
KAROL G;2022-09-18;Toronto;Canada
KAROL G;2022-09-17;Montreal;Canada
KAROL G;2022-09-15;Brooklyn;US
KAROL G;2022-09-14;Washington;US
KAROL G;2022-09-13;New York (NYC);US
KAROL G;2022-09-10;Newark;US
KAROL G;2022-09-08;Philadelphia;US
KAROL G;2022-09-06;Rosemont;US
KAROL G;2022-06-19;San Salvador;El Salvador
KAROL G;2022-06-18;Panama City;Panama
KAROL G;2022-06-17;Alajuela;Costa Rica
KAROL G;2022-06-15;Tegucigalpa;Honduras
KAROL G;2022-06-12;Mexico City;Mexico
KAROL G;2022-06-11;Mexico City;Mexico
KAROL G;2022-06-09;Monterrey;Mexico
KAROL G;2022-06-08;Zapopan;Mexico
KAROL G;2022-06-05;Lima;Peru
KAROL G;2022-06-04;Lima;Peru
KAROL G;2022-06-03;Guayaquil;Ecuador
KAROL G;2022-06-02;Quito;Ecuador
KAROL G;2022-05-28;Buenos Aires;Argentina
KAROL G;2022-05-27;Buenos Aires;Argentina
KAROL G;2022-05-26;Santiago;Chile
KAROL G;2022-05-25;Santiago;Chile
KAROL G;2022-05-22;Bogota;Colombia
KAROL G;2022-05-21;Bogota;Colombia
KAROL G;2022-05-14;Santiago De Cali;Colombia
KAROL G;2022-04-22;Indio;US
KAROL G;2022-04-15;Indio;US
KAROL G;2022-03-26;Barranquilla;Colombia
KAROL G;2022-03-02;Inglewood;US
KAROL G;2022-01-29;Las Vegas;US
KAROL G;2022-01-22;La Romana;Dominican Republic
La La Love You;2022-12-14;Madrid;Spain
La La Love You;2022-11-12;Mexico City;Mexico
La La Love You;2022-11-09;Zapopan;Mexico
La La Love You;2022-10-14;Valencia;Spain
La La Love You;2022-10-14;Manresa;Spain
La La Love You;2022-10-07;Madrid;Spain
La La Love You;2022-09-30;Las Palmas de Gran Canaria;Spain
La La Love You;2022-09-24;Ourense;Spain
La La Love You;2022-09-23;Palencia;Spain
La La Love You;2022-09-16;Granada;Spain
La La Love You;2022-09-02;Lugo;Spain
La La Love You;2022-08-25;Logroño;Spain
La La Love You;2022-08-25;Logroño;Spain
La La Love You;2022-08-25;Alcalá de Henares;Spain
La La Love You;2022-08-19;Almería;Spain
La La Love You;2022-08-02;Burriana;Spain
La La Love You;2022-07-29;Benidorm;Spain
La La Love You;2022-07-29;Badajoz;Spain
La La Love You;2022-07-22;Valencia;Spain
La La Love You;2022-07-22;Tavernes de la Valldigna;Spain
La La Love You;2022-07-15;Castro Urdiales;Spain
La La Love You;2022-07-14;Villaviciosa;Spain
La La Love You;2022-07-14;Benicassim;Spain
La La Love You;2022-07-01;Malaga;Spain
La La Love You;2022-07-01;Barbastro;Spain
La La Love You;2022-06-30;Burgos;Spain
La La Love You;2022-06-30;Miranda de Ebro;Spain
La La Love You;2022-06-17;Zamora;Spain
La La Love You;2022-06-11;Madrid;Spain
La La Love You;2022-06-11;Madrid;Spain
La La Love You;2022-06-02;Caldas de Reis;Spain
La La Love You;2022-05-28;Mexico City;Mexico
La La Love You;2022-05-27;Puebla;Mexico
La La Love You;2022-05-20;Seville;Spain
La La Love You;2022-05-13;Barcelona;Spain
La La Love You;2022-04-29;Murcia;Spain
La La Love You;2022-04-24;Valladolid;Spain
La La Love You;2022-04-23;Ciudad Real;Spain
La La Love You;2022-04-22;La Coruna;Spain
La La Love You;2022-04-02;Bilbao;Spain
La La Love You;2022-03-25;Lleida;Spain
La La Love You;2022-03-18;Gijón;Spain
La La Love You;2022-03-04;L'Hospitalet de Llobregat;Spain
La La Love You;2022-02-19;Huesca;Spain
La La Love You;2022-02-04;Córdoba;Spain
La La Love You;2022-02-03;Granada;Spain
Manuel Turizo;2022-11-04;Madrid;Spain
Manuel Turizo;2022-10-08;Newark;US
Manuel Turizo;2022-09-29;Coral Gables;US
Manuel Turizo;2022-09-10;San Jose;Costa Rica
Manuel Turizo;2022-08-13;Nigrán;Spain
Manuel Turizo;2022-08-06;Marbella;Spain
Manuel Turizo;2022-07-30;Santa Cruz de Tenerife;Spain
Manuel Turizo;2022-07-23;Barcelona;Spain
Manuel Turizo;2022-06-11;Lima;Peru
Manuel Turizo;2022-05-26;Miami Beach;US
Manuel Turizo;2022-04-30;Las Vegas;US
Manuel Turizo;2022-04-23;Heredia;Costa Rica
Manuel Turizo;2022-02-24;Miami;US
Manuel Turizo;2022-01-15;Los Angeles (LA);US
Marc Seguí;2022-12-17;Caracas;Venezuela
Marc Seguí;2022-12-15;Mexico City;Mexico
Marc Seguí;2022-12-11;Los Angeles (LA);US
Marc Seguí;2022-12-03;Ferrol;Spain
Marc Seguí;2022-12-02;Vigo;Spain
Marc Seguí;2022-11-04;Madrid;Spain
Marc Seguí;2022-10-03;Madrid;Spain
Marc Seguí;2022-09-03;Las Palmas de Gran Canaria;Spain
Marc Seguí;2022-09-02;Madrid;Spain
Marc Seguí;2022-08-26;Santa Cruz de la Palma;Spain
Marc Seguí;2022-08-18;Benidorm;Spain
Marc Seguí;2022-08-13;Torrevieja;Spain
Marc Seguí;2022-08-10;Huesca;Spain
Marc Seguí;2022-08-04;Soria;Spain
Marc Seguí;2022-08-02;Burriana;Spain
Marc Seguí;2022-07-29;Zarautz;Spain
Marc Seguí;2022-07-27;Pontevedra;Spain
Marc Seguí;2022-07-23;Santander;Spain
Marc Seguí;2022-07-21;Asturias;Spain
Marc Seguí;2022-07-21;Asturias;Spain
Marc Seguí;2022-07-20;aguilas;Spain
Marc Seguí;2022-07-15;San Fernando;Spain
Marc Seguí;2022-07-14;Gandía;Spain
Marc Seguí;2022-07-07;Valencia;Spain
Marc Seguí;2022-06-10;Madrid;Spain
Marc Seguí;2022-06-04;Mexico City;Mexico
Marc Seguí;2022-05-07;Santiago de Compostela;Spain
Marc Seguí;2022-05-06;Zaragoza;Spain
Marc Seguí;2022-04-30;Granada;Spain
Marc Seguí;2022-04-29;Seville;Spain
Marc Seguí;2022-04-23;Murcia;Spain
Marc Seguí;2022-04-22;Madrid;Spain
Marc Seguí;2022-04-09;Burgos;Spain
Marc Seguí;2022-04-08;Castellon;Spain
Marc Seguí;2022-04-01;Madrid;Spain
Marc Seguí;2022-03-18;Santiago;Chile
Marc Seguí;2022-03-18;San Isidro;Argentina
Marc Seguí;2022-03-04;Gijón;Spain
Marc Seguí;2022-02-12;Palma De Mallorca;Spain
Marc Seguí;2022-02-11;Barcelona;Spain
Marc Seguí;2022-02-05;Valencia;Spain
Marc Seguí;2022-02-04;San Vicente Del Raspeig;Spain
Marc Seguí;2022-01-29;Toledo;Spain
Marc Seguí;2022-01-28;Castellon De La Plana;Spain
Myke Towers;2022-11-26;Mexico City;Mexico
Myke Towers;2022-09-24;Lima;Peru
Myke Towers;2022-09-23;Santiago;Chile
Myke Towers;2022-09-18;San Juan;Puerto Rico
Myke Towers;2022-09-17;San Juan;Puerto Rico
Myke Towers;2022-09-16;San Juan;Puerto Rico
Myke Towers;2022-09-10;Guayaquil;Ecuador
Myke Towers;2022-08-27;Montreal;Canada
Myke Towers;2022-08-19;Rosarito;Mexico
Myke Towers;2022-08-12;Rosarito;Mexico
Myke Towers;2022-08-04;El Puerto de Santa María;Spain
Myke Towers;2022-07-31;Santander;Spain
Myke Towers;2022-07-29;Rimini;Italy
Myke Towers;2022-07-23;Barcelona;Spain
Myke Towers;2022-07-22;Assago;Italy
Myke Towers;2022-07-16;Inca;Spain
Myke Towers;2022-07-14;Marbella;Spain
Myke Towers;2022-07-09;Ibiza;Spain
Myke Towers;2022-07-09;Benidorm;Spain
Myke Towers;2022-07-02;Madrid;Spain
Myke Towers;2022-07-01;Seville;Spain
Myke Towers;2022-06-04;Mexico City;Mexico
Myke Towers;2022-05-28;Chicago;US
Myke Towers;2022-05-27;Newark;US
Myke Towers;2022-05-21;Monterrey;Mexico
Myke Towers;2022-03-19;Caracas;Venezuela
Myke Towers;2022-03-12;Santo Domingo;Dominican Republic
Myke Towers;2022-01-14;Los Angeles (LA);US
Rauw Alejandro;2022-11-17;Las Vegas;US
Rauw Alejandro;2022-10-01;Sunrise;US
Rauw Alejandro;2022-07-22;Tavernes de la Valldigna;Spain
Rauw Alejandro;2022-07-02;Daytona Beach;US
Rauw Alejandro;2022-06-11;Barcelona;Spain
Rauw Alejandro;2022-05-13;Las Vegas;US
Rauw Alejandro;2022-05-07;Asunción;Paraguay
Rauw Alejandro;2022-05-06;Lima;Peru
Rauw Alejandro;2022-05-05;Santiago;Chile
Rauw Alejandro;2022-04-30;Las Vegas;US
Rauw Alejandro;2022-04-29;Guayaquil;Ecuador
Rauw Alejandro;2022-04-24;San Jose;US
Rauw Alejandro;2022-04-23;Heredia;Costa Rica
Rauw Alejandro;2022-04-22;Rosemont;US
Rauw Alejandro;2022-04-16;Inglewood;US
Rauw Alejandro;2022-04-15;Fresno;US
Rauw Alejandro;2022-04-14;San Diego;US
Rauw Alejandro;2022-04-09;Miami;US
Rauw Alejandro;2022-04-02;Brooklyn;US
Rauw Alejandro;2022-03-27;Barranquilla;Colombia
Rauw Alejandro;2022-03-26;Mexico City;Mexico
Rauw Alejandro;2022-03-24;Zapopan;Mexico
Rauw Alejandro;2022-03-23;Monterrey;Mexico
Rauw Alejandro;2022-02-26;Bogota;Colombia
Rauw Alejandro;2022-02-25;Santiago De Cali;Colombia
Rauw Alejandro;2022-02-19;Medellín;Colombia
Rauw Alejandro;2022-02-18;Buenos Aires;Argentina
Rauw Alejandro;2022-01-15;Los Angeles (LA);US
Rels B;2022-12-09;Braga;Portugal
Rels B;2022-11-26;Mexico City;Mexico
Rels B;2022-09-30;Madrid;Spain
Rels B;2022-09-03;Philadelphia;US
Rels B;2022-08-28;Punta Umbría;Spain
Rels B;2022-08-18;Benidorm;Spain
Rels B;2022-08-04;Soria;Spain
Rels B;2022-08-04;Bueu;Spain
Rels B;2022-08-02;Burriana;Spain
Rels B;2022-07-31;Cambrils;Spain
Rels B;2022-07-30;La Coruna;Spain
Rels B;2022-07-14;Gandía;Spain
Rels B;2022-07-14;Villaviciosa;Spain
Rels B;2022-07-09;Ibiza;Spain
Rels B;2022-07-08;Chiclana De La Frontera;Spain
Rels B;2022-07-06;Barcelona;Spain
Rels B;2022-07-06;Torre del mar;Spain
Rels B;2022-07-01;Ubeda;Spain
Rels B;2022-06-25;Roquetas de Mar;Spain
Rels B;2022-06-17;Arganda del Rey;Spain
Rels B;2022-06-04;Medellín;Colombia
Rels B;2022-06-03;Cali;Colombia
Rels B;2022-06-02;Bogota;Colombia
Rels B;2022-05-29;Houston;US
Rels B;2022-05-28;Dallas;US
Rels B;2022-05-27;Los Angeles (LA);US
Rels B;2022-05-21;Miami Beach;US
Rels B;2022-05-19;Atlanta;US
Rels B;2022-05-18;Chicago;US
Rels B;2022-05-15;New York (NYC);US
Rels B;2022-05-07;Mexico City;Mexico
Rels B;2022-05-06;Mexico City;Mexico
Rels B;2022-05-05;Puebla;Mexico
Rels B;2022-04-30;Zapopan;Mexico
Rels B;2022-04-29;León;Mexico
Rels B;2022-04-28;Monterrey;Mexico
Rels B;2022-04-24;Mérida;Mexico
Rels B;2022-04-23;Hermosillo;Mexico
Rels B;2022-04-22;Tijuana;Mexico
Rels B;2022-03-31;Santiago;Chile
Rels B;2022-03-29;Montevideo;Uruguay
Rels B;2022-03-27;Buenos Aires;Argentina
Rels B;2022-03-26;Buenos Aires;Argentina
Rels B;2022-03-25;Rosario;Argentina
Rels B;2022-03-24;Cordoba;Argentina
Rigoberta Bandini;2022-12-23;Zaragoza;Spain
Rigoberta Bandini;2022-12-22;Pamplona;Spain
Rigoberta Bandini;2022-12-02;Bilbao;Spain
Rigoberta Bandini;2022-11-24;Barcelona;Spain
Rigoberta Bandini;2022-11-19;Murcia;Spain
Rigoberta Bandini;2022-11-18;Valencia;Spain
Rigoberta Bandini;2022-11-11;Fuerteventura;Spain
Rigoberta Bandini;2022-11-03;La Coruna;Spain
Rigoberta Bandini;2022-10-22;Córdoba;Spain
Rigoberta Bandini;2022-10-21;Malaga;Spain
Rigoberta Bandini;2022-10-11;Alicante;Spain
Rigoberta Bandini;2022-09-16;Seville;Spain
Rigoberta Bandini;2022-09-16;Granada;Spain
Rigoberta Bandini;2022-08-25;Logroño;Spain
Rigoberta Bandini;2022-08-25;Alcalá de Henares;Spain
Rigoberta Bandini;2022-08-19;Almería;Spain
Rigoberta Bandini;2022-07-30;San Fernando;Spain
Rigoberta Bandini;2022-07-15;Nigrán;Spain
Rigoberta Bandini;2022-07-15;Nigrán;Spain
Rigoberta Bandini;2022-07-15;Castro Urdiales;Spain
Rigoberta Bandini;2022-07-07;Bilbao;Spain
Rigoberta Bandini;2022-07-06;Barcelona;Spain
Rigoberta Bandini;2022-06-25;L'Estartit;Spain
Rigoberta Bandini;2022-06-24;Calvia;Spain
Rigoberta Bandini;2022-06-23;L'Estartit;Spain
Rigoberta Bandini;2022-06-16;Santiago de Compostela;Spain
Rigoberta Bandini;2022-06-09;Barcelona;Spain
Rigoberta Bandini;2022-05-28;Fuengirola;Spain
Rigoberta Bandini;2022-05-27;Alicante;Spain
Rigoberta Bandini;2022-05-20;Seville;Spain
Rigoberta Bandini;2022-05-19;Madrid;Spain
Rigoberta Bandini;2022-04-29;Murcia;Spain
Rigoberta Bandini;2022-04-01;L'Hospitalet de Llobregat;Spain
Rigoberta Bandini;2022-03-19;Zaragoza;Spain
Rigoberta Bandini;2022-03-18;Vic;Spain
ROSALÍA;2022-12-18;Paris;France
ROSALÍA;2022-12-15;London;UK
ROSALÍA;2022-12-12;Brussels;Belgium
ROSALÍA;2022-12-10;Amsterdam;Netherlands
ROSALÍA;2022-12-07;Düsseldorf;Germany
ROSALÍA;2022-12-04;Berlin;Germany
ROSALÍA;2022-12-01;Assago;Italy
ROSALÍA;2022-11-27;Lisbon;Portugal
ROSALÍA;2022-11-25;Braga;Portugal
ROSALÍA;2022-11-17;Las Vegas;US
ROSALÍA;2022-11-04;Madrid;Spain
ROSALÍA;2022-10-21;Miami;US
ROSALÍA;2022-10-17;Atlanta;US
ROSALÍA;2022-10-14;Irving;US
ROSALÍA;2022-10-12;Houston;US
ROSALÍA;2022-10-08;Inglewood;US
ROSALÍA;2022-10-07;Inglewood;US
ROSALÍA;2022-10-04;San Francisco;US
ROSALÍA;2022-10-02;San Diego;US
ROSALÍA;2022-09-28;Chicago;US
ROSALÍA;2022-09-26;Washington;US
ROSALÍA;2022-09-24;New York (NYC);US
ROSALÍA;2022-09-23;Toronto;Canada
ROSALÍA;2022-09-19;New York (NYC);US
ROSALÍA;2022-09-18;New York (NYC);US
ROSALÍA;2022-09-15;Boston;US
ROSALÍA;2022-09-09;San Juan;Puerto Rico
ROSALÍA;2022-09-03;La Romana;Dominican Republic
ROSALÍA;2022-08-31;Bogota;Colombia
ROSALÍA;2022-08-28;Santiago;Chile
ROSALÍA;2022-08-26;Buenos Aires;Argentina
ROSALÍA;2022-08-25;Buenos Aires;Argentina
ROSALÍA;2022-08-22;São Paulo;Brazil
ROSALÍA;2022-08-19;Monterrey;Mexico
ROSALÍA;2022-08-17;Zapopan;Mexico
ROSALÍA;2022-08-15;Mexico City;Mexico
ROSALÍA;2022-08-14;Mexico City;Mexico
ROSALÍA;2022-08-01;Palma De Mallorca;Spain
ROSALÍA;2022-07-29;La Coruna;Spain
ROSALÍA;2022-07-27;Barakaldo;Spain
ROSALÍA;2022-07-24;Barcelona;Spain
ROSALÍA;2022-07-23;Barcelona;Spain
ROSALÍA;2022-07-20;Madrid;Spain
ROSALÍA;2022-07-19;Madrid;Spain
ROSALÍA;2022-07-16;Valencia;Spain
ROSALÍA;2022-07-14;Fuengirola;Spain
ROSALÍA;2022-07-12;Granada;Spain
ROSALÍA;2022-07-09;Seville;Spain
ROSALÍA;2022-07-06;Almería;Spain
Sebastian Yatra;2022-11-17;Las Vegas;US
Sebastian Yatra;2022-11-12;San Juan;Puerto Rico
Sebastian Yatra;2022-11-04;Madrid;Spain
Sebastian Yatra;2022-10-28;Bogota;Colombia
Sebastian Yatra;2022-10-22;Guayaquil;Ecuador
Sebastian Yatra;2022-10-20;Quito;Ecuador
Sebastian Yatra;2022-10-15;Medellín;Colombia
Sebastian Yatra;2022-10-09;Boston;US
Sebastian Yatra;2022-10-08;New York (NYC);US
Sebastian Yatra;2022-10-07;National Harbor;US
Sebastian Yatra;2022-10-01;Miami;US
Sebastian Yatra;2022-09-30;Orlando;US
Sebastian Yatra;2022-09-29;Atlanta;US
Sebastian Yatra;2022-09-18;Toronto;Canada
Sebastian Yatra;2022-09-17;Laval;Canada
Sebastian Yatra;2022-09-15;Rosemont;US
Sebastian Yatra;2022-09-11;San Jose;US
Sebastian Yatra;2022-09-10;Las Vegas;US
Sebastian Yatra;2022-09-08;Portland;US
Sebastian Yatra;2022-09-07;Seattle;US
Sebastian Yatra;2022-09-04;Inglewood;US
Sebastian Yatra;2022-09-03;San Diego;US
Sebastian Yatra;2022-09-02;Phoenix;US
Sebastian Yatra;2022-08-31;Laredo;US
Sebastian Yatra;2022-08-28;San Antonio;US
Sebastian Yatra;2022-08-27;Hidalgo;US
Sebastian Yatra;2022-08-26;Irving;US
Sebastian Yatra;2022-08-25;Sugar Land;US
Sebastian Yatra;2022-08-19;Lima;Peru
Sebastian Yatra;2022-08-17;Santa Cruz;Bolivia
Sebastian Yatra;2022-08-16;La Paz;Bolivia
Sebastian Yatra;2022-08-12;Buenos Aires;Argentina
Sebastian Yatra;2022-08-07;Asunción;Paraguay
Sebastian Yatra;2022-08-05;Cordoba;Argentina
Sebastian Yatra;2022-08-03;Rosario;Argentina
Sebastian Yatra;2022-07-31;Montevideo;Uruguay
Sebastian Yatra;2022-07-30;Santiago;Chile
Sebastian Yatra;2022-07-29;Santiago;Chile
Sebastian Yatra;2022-07-24;Torrevieja;Spain
Sebastian Yatra;2022-07-22;Calella de Palafrugell;Spain
Sebastian Yatra;2022-07-21;Calvia;Spain
Sebastian Yatra;2022-07-19;Avilés;Spain
Sebastian Yatra;2022-07-17;Chiclana De La Frontera;Spain
Sebastian Yatra;2022-07-17;Chiclana De La Frontera;Spain
Sebastian Yatra;2022-07-16;Ubeda;Spain
Sebastian Yatra;2022-07-15;Murcia;Spain
Sebastian Yatra;2022-07-08;Valladolid;Spain
Sebastian Yatra;2022-07-07;Torrelavega;Spain
Sebastian Yatra;2022-07-02;Tarragona;Spain
Sebastian Yatra;2022-07-01;Barcelona;Spain
Sebastian Yatra;2022-06-30;Benicassim;Spain
Sebastian Yatra;2022-06-29;Madrid;Spain
Sebastian Yatra;2022-06-26;Seville;Spain
Sebastian Yatra;2022-06-24;Valencia;Spain
Sebastian Yatra;2022-06-23;Marbella;Spain
Sebastian Yatra;2022-06-18;Bilbao;Spain
Sebastian Yatra;2022-06-16;Santiago de Compostela;Spain
Sebastian Yatra;2022-06-09;Cancun;Mexico
Sebastian Yatra;2022-05-21;Sunrise;US
Sebastian Yatra;2022-05-13;Mexico City;Mexico
Sebastian Yatra;2022-05-12;San Luis Potosi;Mexico
Sebastian Yatra;2022-04-23;Monterrey;Mexico
Sebastian Yatra;2022-04-22;Aguascalientes;Mexico
Sebastian Yatra;2022-04-21;Queretaro;Mexico
Sebastian Yatra;2022-03-19;Austin;US
Sebastian Yatra;2022-02-25;Zapopan;Mexico
Sebastian Yatra;2022-02-24;Miami;US
Sebastian Yatra;2022-02-23;Mexico City;Mexico
Sebastian Yatra;2022-01-27;Miami Beach;US
Shakira;2022-11-17;Las Vegas;US
Shakira;2022-11-12;San Juan;Puerto Rico
Shakira;2022-11-04;Madrid;Spain
Shakira;2022-10-28;Bogota;Colombia
Shakira;2022-10-22;Guayaquil;Ecuador
Shakira;2022-10-20;Quito;Ecuador
Shakira;2022-10-15;Medellín;Colombia
Shakira;2022-10-09;Boston;US
Shakira;2022-10-08;New York (NYC);US
Shakira;2022-10-07;National Harbor;US
Shakira;2022-10-01;Miami;US
Shakira;2022-09-30;Orlando;US
Shakira;2022-09-29;Atlanta;US
Shakira;2022-09-18;Toronto;Canada
Shakira;2022-09-17;Laval;Canada
Shakira;2022-09-15;Rosemont;US
Shakira;2022-09-11;San Jose;US
Shakira;2022-09-10;Las Vegas;US
Shakira;2022-09-08;Portland;US
Shakira;2022-09-07;Seattle;US
Shakira;2022-09-04;Inglewood;US
Shakira;2022-09-03;San Diego;US
Shakira;2022-09-02;Phoenix;US
Shakira;2022-08-31;Laredo;US
Shakira;2022-08-28;San Antonio;US
Shakira;2022-08-27;Hidalgo;US
Shakira;2022-08-26;Irving;US
Shakira;2022-08-25;Sugar Land;US
Shakira;2022-08-19;Lima;Peru
Shakira;2022-08-17;Santa Cruz;Bolivia
Shakira;2022-08-16;La Paz;Bolivia
Shakira;2022-08-12;Buenos Aires;Argentina
Shakira;2022-08-07;Asunción;Paraguay
Shakira;2022-08-05;Cordoba;Argentina
Shakira;2022-08-03;Rosario;Argentina
Shakira;2022-07-31;Montevideo;Uruguay
Shakira;2022-07-30;Santiago;Chile
Shakira;2022-07-29;Santiago;Chile
Shakira;2022-07-24;Torrevieja;Spain
Shakira;2022-07-22;Calella de Palafrugell;Spain
Shakira;2022-07-21;Calvia;Spain
Shakira;2022-07-19;Avilés;Spain
Shakira;2022-07-17;Chiclana De La Frontera;Spain
Shakira;2022-07-17;Chiclana De La Frontera;Spain
Shakira;2022-07-16;Ubeda;Spain
Shakira;2022-07-15;Murcia;Spain
Shakira;2022-07-08;Valladolid;Spain
Shakira;2022-07-07;Torrelavega;Spain
Shakira;2022-07-02;Tarragona;Spain
Shakira;2022-07-01;Barcelona;Spain
Shakira;2022-06-30;Benicassim;Spain
Shakira;2022-06-29;Madrid;Spain
Shakira;2022-06-26;Seville;Spain
Shakira;2022-06-24;Valencia;Spain
Shakira;2022-06-23;Marbella;Spain
Shakira;2022-06-18;Bilbao;Spain
Shakira;2022-06-16;Santiago de Compostela;Spain
Shakira;2022-06-09;Cancun;Mexico
Shakira;2022-05-21;Sunrise;US
Shakira;2022-05-13;Mexico City;Mexico
Shakira;2022-05-12;San Luis Potosi;Mexico
Shakira;2022-04-23;Monterrey;Mexico
Shakira;2022-04-22;Aguascalientes;Mexico
Shakira;2022-04-21;Queretaro;Mexico
Shakira;2022-03-19;Austin;US
Shakira;2022-02-25;Zapopan;Mexico
Shakira;2022-02-24;Miami;US
Shakira;2022-02-23;Mexico City;Mexico
Shakira;2022-01-27;Miami Beach;US
TINI;2022-12-23;Buenos Aires;Argentina
TINI;2022-12-22;Buenos Aires;Argentina
TINI;2022-11-13;Rosario;Argentina
TINI;2022-11-05;La Plata;Argentina
TINI;2022-10-31;Santiago;Chile
TINI;2022-10-30;Santiago;Chile
TINI;2022-10-28;Neuquén;Argentina
TINI;2022-10-25;San Luis;Argentina
TINI;2022-10-08;São Paulo;Brazil
TINI;2022-10-07;Montevideo;Uruguay
TINI;2022-10-05;Junín;Argentina
TINI;2022-09-29;Coral Gables;US
TINI;2022-09-26;Miami;US
TINI;2022-09-25;Madrid;Spain
TINI;2022-09-17;Salta;Argentina
TINI;2022-09-04;Corrientes;Argentina
TINI;2022-09-03;Corrientes;Argentina
TINI;2022-08-31;Quito;Ecuador
TINI;2022-08-29;Lima;Peru
TINI;2022-08-27;Guayaquil;Ecuador
TINI;2022-08-25;Bogota;Colombia
TINI;2022-08-06;La Rioja;Argentina
TINI;2022-08-05;La Rioja;Argentina
TINI;2022-07-16;Mariano Roque Alonso;Paraguay
TINI;2022-06-11;Santa Fe;Argentina
TINI;2022-06-05;Cordoba;Argentina
TINI;2022-05-31;Buenos Aires;Argentina
TINI;2022-05-28;Buenos Aires;Argentina
TINI;2022-05-27;Buenos Aires;Argentina
TINI;2022-05-22;Buenos Aires;Argentina
TINI;2022-05-21;Buenos Aires;Argentina
TINI;2022-05-20;Buenos Aires;Argentina
TINI;2022-02-17;Viña del Mar;Chile
